{"cameraMode":{"drawMode":0,"name":"Shaded","section":"Shading Mode"},"sceneLighting":true,"audioPlay":false,"sceneViewState":{"showFog":true,"showMaterialUpdate":false,"showSkybox":true,"showFlares":true,"showImageEffects":true,"showParticleSystems":true},"in2DMode":false,"pivot":{"x":61.407440185546878,"y":0.8790463209152222,"z":0.8255729675292969},"rotation":{"x":0.023688118904829027,"y":0.0005969032063148916,"z":0.000014157241821521893,"w":-0.9997198581695557},"size":35.276519775390628,"orthographic":false}